{"cameraMode":{"drawMode":0,"name":"Shaded","section":"Shading Mode"},"sceneLighting":false,"audioPlay":false,"sceneViewState":{"showFog":true,"showMaterialUpdate":false,"showSkybox":false,"showFlares":true,"showImageEffects":true,"showParticleSystems":true},"in2DMode":false,"pivot":{"x":0.028324246406555177,"y":-0.08500409126281738,"z":0.07379281520843506},"rotation":{"x":-0.14713993668556214,"y":0.8506243824958801,"z":-0.32193607091903689,"w":-0.38877543807029726},"size":2.881732940673828,"orthographic":false}